cid,rhealth,raceth,fem,pfem,sprhealth,marstrain
101,Good,nh-white,1,1,3,-1
101,Good,nh-white,1,1,3,-1.75
103,Very Good,nh-white,1,1,4,-1
103,Very Good,nh-white,1,1,4,-1.5
106,Excellent,nh-white,1,1,5,-1.25
106,Excellent,nh-white,1,1,5,-1.25
114,Very Good,nh-white,0,0,4,-2
114,Very Good,nh-white,0,0,4,-2
120,Excellent,nh-white,0,0,4,-1.75
120,Very Good,nh-white,0,0,5,-1.75
124,Good,nh-white,1,1,3,-1.75
124,Good,nh-white,1,1,3,-1.5
126,Good,nh-black,1,1,3,-1
126,Good,nh-white,1,1,3,-1
145,Good,nh-white,0,1,5,-.5
145,Excellent,nh-white,1,0,3,-.5
146,Excellent,nh-white,1,0,5,-1.75
146,Excellent,nh-white,0,1,5,-2
150,Good,nh-white,0,1,1,-1
150,Poor,nh-white,1,0,3,-1.75
152,Excellent,nh-white,1,0,3,-.25
152,Good,nh-white,0,1,5,.5
164,Good,hispanic,0,0,3,-1.5
164,Good,nh-white,0,0,3,-.75
165,Good,nh-white,1,1,5,-1.75
165,Excellent,nh-white,1,1,3,-2
167,Good,nh-white,1,0,5,-1.25
167,Excellent,nh-white,0,1,3,-1.75
169,Very Good,nh-white,1,1,5,-1.5
169,Excellent,nh-white,1,1,4,-.5
170,Good,nh-white,0,0,5,-1.25
170,Excellent,nh-white,0,0,3,-.5
171,Good,nh-white,0,0,3,-.25
171,Good,nh-white,0,0,3,-1.5
172,Very Good,nh-white,0,0,5,-1.75
172,Excellent,nh-asian,0,0,4,-2
173,Poor,nh-white,1,1,3,.25
173,Good,nh-white,1,1,1,-2
174,Good,nh-white,0,0,3,-1.25
174,Good,hispanic,0,0,3,-.25
175,Excellent,hispanic,1,1,4,-1.75
175,Very Good,nh-white,1,1,5,-1.75
176,Very Good,nh-asian,0,0,5,-1.75
176,Excellent,nh-white,0,0,4,-1.25
177,Good,nh-white,0,0,3,1
177,Good,nh-white,0,0,3,-1
179,Good,nh-white,0,0,4,-2
179,Very Good,nh-white,0,0,3,-1.75
180,Good,nh-white,0,0,4,-1
180,Very Good,nh-white,0,0,3,-1.25
181,Good,nh-white,1,1,3,-1.75
181,Good,nh-white,1,1,3,-1.75
182,Very Good,nh-white,1,1,4,-1.25
182,Very Good,nh-white,1,1,4,-.5
183,Excellent,nh-white,1,1,4,-1.75
183,Very Good,nh-white,1,1,5,-1.5
184,Very Good,nh-white,0,0,3,-.75
184,Good,nh-white,0,0,4,-.75
185,Fair,nh-mixed,0,0,4,-.25
185,Very Good,nh-white,0,0,2,-1
186,Very Good,nh-white,1,1,3,-.5
186,Good,nh-other,1,1,4,-1.5
187,Poor,nh-white,0,0,3,-1
187,Good,nh-mixed,0,0,1,0
188,Good,nh-white,0,0,3,-.5
188,Good,nh-white,0,0,3,-1.25
189,Very Good,nh-white,1,1,4,-1.25
189,Very Good,nh-white,1,1,4,-1
190,Very Good,nh-asian,0,0,4,-1.75
190,Very Good,nh-white,0,0,4,-1.25
191,Fair,nh-white,0,0,2,-1
191,Fair,nh-white,0,0,2,0
192,Very Good,nh-white,0,0,2,-1.75
192,Fair,nh-white,0,0,4,-1
193,Excellent,nh-white,1,1,3,-.75
193,Good,nh-white,1,1,5,-.75
194,Good,nh-white,1,1,3,-2
194,Good,nh-white,1,1,3,-1.75
195,Very Good,nh-white,0,0,2,-1.25
195,Fair,nh-white,0,0,4,-1.25
196,Excellent,nh-asian,0,0,4,-1
196,Very Good,nh-white,0,0,5,.25
197,Excellent,nh-white,0,0,4,-2
197,Very Good,nh-white,0,0,5,-2
198,Good,nh-white,1,1,5,-1
198,Excellent,nh-white,1,1,3,-1.5
199,Very Good,nh-white,0,0,5,-1
199,Excellent,nh-white,0,0,4,-.75
201,Excellent,nh-asian,0,0,2,-2
201,Fair,nh-white,0,0,5,-1.75
202,Very Good,nh-white,0,0,5,-1
202,Excellent,nh-white,0,0,4,-1.5
203,Excellent,nh-white,0,0,4,-1.5
203,Very Good,nh-white,0,0,5,-1.75
204,Good,nh-white,0,0,3,-1.75
204,Good,nh-white,0,0,3,-1.25
205,Very Good,nh-white,0,0,5,-2
205,Excellent,nh-white,0,0,4,-2
206,Very Good,hispanic,1,1,4,-1.5
206,Very Good,hispanic,1,1,4,-1.5
209,Good,nh-white,0,0,4,-1.25
209,Very Good,hispanic,0,0,3,-1.75
210,Very Good,nh-white,0,0,5,-1.75
210,Excellent,nh-white,0,0,4,-1.75
211,Very Good,nh-white,0,0,4,-.75
211,Very Good,nh-white,0,0,4,-1
212,Very Good,nh-white,0,0,4,-1.25
212,Very Good,nh-white,0,0,4,-1.5
214,Good,nh-white,0,0,5,-1
214,Excellent,nh-white,0,0,3,-1.5
215,Very Good,nh-white,0,0,4,-1.75
215,Very Good,nh-white,0,0,4,-1
216,Very Good,nh-white,0,0,5,-2
216,Excellent,nh-white,0,0,4,-1.75
217,Very Good,nh-white,0,0,3,.5
217,Good,nh-white,0,0,4,.75
218,Very Good,nh-white,1,1,3,-1.75
218,Good,nh-white,1,1,4,-1.5
219,Good,nh-white,0,0,5,-.5
219,Excellent,hispanic,0,0,3,-.25
221,Good,nh-white,1,0,3,-1.25
221,Good,nh-white,0,1,3,-.5
222,Very Good,nh-white,1,1,3,-1.75
222,Good,nh-white,1,1,4,-.5
224,Good,nh-white,1,1,4,-1.5
224,Very Good,nh-white,1,1,3,-1.75
225,Good,nh-white,0,0,3,.75
225,Good,nh-mixed,0,0,3,1.5
227,Good,nh-white,1,0,3,-1.25
227,Good,nh-white,0,1,3,0
228,Good,nh-white,0,1,3,-.75
228,Good,nh-white,1,0,3,-1.25
229,Very Good,nh-white,1,1,4,-2
229,Very Good,nh-white,1,1,4,-1.75
232,Very Good,nh-white,1,1,3,-1.75
232,Good,nh-white,1,1,4,-1.25
233,Good,nh-white,0,0,4,-1
233,Very Good,nh-white,0,0,3,-2
234,Very Good,nh-white,1,1,4,-1
234,Very Good,nh-white,1,1,4,-1.5
236,Very Good,hispanic,0,0,2,-1
236,Fair,nh-white,0,0,4,-1.75
237,Very Good,nh-white,0,0,2,-1
237,Fair,nh-white,0,0,4,-.75
239,Very Good,nh-white,0,0,3,-1.75
239,Good,nh-white,0,0,4,-2
241,Good,nh-white,1,1,3,-1
241,Good,nh-white,1,1,3,-.5
242,Fair,nh-white,0,0,3,-2
242,Good,nh-white,0,0,2,-2
243,Very Good,nh-white,1,1,3,-2
243,Good,nh-white,1,1,4,0
245,Excellent,nh-white,0,0,5,-1.5
245,Excellent,nh-white,0,0,5,-1.5
246,Good,nh-white,0,0,3,-2
246,Good,nh-white,0,0,3,-1.75
247,Fair,hispanic,0,0,4,-2
247,Very Good,hispanic,0,0,2,-1.5
249,Very Good,nh-white,1,1,4,-1.75
249,Very Good,nh-white,1,1,4,-1.5
251,Good,nh-white,0,0,3,-.75
251,Good,nh-other,0,0,3,0
253,Fair,nh-white,1,1,3,-.75
253,Good,nh-white,1,1,2,-1.25
254,Very Good,nh-white,0,0,5,-1.75
254,Excellent,nh-white,0,0,4,-1.25
255,Good,nh-white,0,0,4,-2
255,Very Good,nh-white,0,0,3,-1.75
256,Very Good,nh-white,0,0,2,-1.5
256,Fair,nh-white,0,0,4,-1.75
257,Fair,nh-white,1,1,3,-1.25
257,Good,nh-white,1,1,2,-1.5
258,Good,nh-white,1,1,3,-1.75
258,Good,nh-white,1,1,3,-1.25
259,Good,nh-white,0,0,4,-1.75
259,Very Good,nh-white,0,0,3,-1.5
260,Good,nh-white,1,1,5,-1.5
260,Excellent,nh-white,1,1,3,-1.75
264,Good,nh-white,0,0,3,-1.75
264,Good,nh-white,0,0,3,.25
265,Excellent,nh-white,0,0,4,-1.25
265,Very Good,nh-white,0,0,5,-1.5
266,Very Good,nh-white,1,1,3,-1.5
266,Good,nh-white,1,1,4,-.75
267,Good,nh-white,0,0,4,-1.75
267,Very Good,nh-asian,0,0,3,-1.75
270,Very Good,nh-asian,1,0,3,-1
270,Good,nh-asian,0,1,4,0
272,Very Good,nh-white,1,0,5,-1.5
272,Excellent,nh-white,0,1,4,-1.75
280,Very Good,nh-white,1,1,4,-1.5
280,Very Good,nh-mixed,1,1,4,-1.5
303,Very Good,nh-white,1,0,4,-1.75
303,Very Good,nh-white,0,1,4,-1.5
305,Good,nh-white,1,0,3,-1
305,Good,nh-white,0,1,3,-.25
307,Excellent,nh-white,1,0,5,-1.75
307,Excellent,nh-white,0,1,5,-1.75
308,Excellent,nh-white,1,1,4,-2
308,Very Good,nh-white,1,1,5,-1.5
309,Very Good,nh-white,1,1,4,-1.75
309,Very Good,nh-white,1,1,4,-2
310,Very Good,nh-white,1,1,2,-1
310,Fair,nh-white,1,1,4,-.5
311,Good,nh-white,0,0,4,-1.75
311,Very Good,nh-white,0,0,3,-2
314,Very Good,nh-white,1,1,4,-1.75
314,Very Good,nh-asian,1,1,4,-1.5
315,Very Good,nh-white,0,0,2,-1.5
315,Fair,nh-black,0,0,4,-1.5
317,Very Good,nh-white,1,1,4,-1.25
317,Very Good,nh-white,1,1,4,-.75
319,Fair,nh-white,1,0,4,-1.75
319,Very Good,nh-white,0,1,2,-1.5
320,Good,nh-white,1,0,4,-1.25
320,Very Good,nh-white,0,1,3,-1.5
322,Excellent,nh-white,1,1,5,-1.5
322,Excellent,nh-white,1,1,5,-1.5
323,Good,nh-white,0,0,5,-1.25
323,Excellent,nh-white,0,0,3,-1.5
325,Poor,nh-white,1,1,4,-1
325,Very Good,nh-white,1,1,1,-1
326,Very Good,nh-white,1,1,3,-2
326,Good,nh-white,1,1,4,-2
327,Fair,nh-white,1,1,2,-.75
327,Fair,nh-white,1,1,2,-.25
328,Excellent,nh-white,0,0,4,.25
328,Very Good,hispanic,0,0,5,-1
330,Good,nh-mixed,0,0,3,.25
330,Good,nh-white,0,0,3,-1.25
331,Good,nh-white,1,1,3,-1.5
331,Good,nh-white,1,1,3,-1.25
332,Excellent,nh-white,1,1,5,-1.75
332,Excellent,nh-white,1,1,5,-.75
333,Excellent,nh-white,1,1,4,-1.25
333,Very Good,nh-white,1,1,5,-1.5
334,Fair,nh-white,1,1,1,-.25
334,Poor,nh-white,1,1,2,-2
342,Fair,nh-white,1,0,4,-.75
342,Very Good,nh-white,0,1,2,-.25
346,Good,nh-white,1,0,5,-1.5
346,Excellent,nh-white,0,1,3,-.5
347,Good,nh-white,1,0,3,-.25
347,Good,nh-white,0,1,3,-1.5
352,Very Good,nh-white,1,0,3,-1.5
352,Good,nh-white,0,1,4,-1.75
353,Very Good,nh-white,1,0,2,-2
353,Fair,nh-white,0,1,4,-2
355,Good,hispanic,1,0,3,-1.25
355,Good,nh-white,0,1,3,.75
356,Fair,nh-white,1,0,2,-1.5
356,Fair,nh-white,0,1,2,-1.75
363,Good,nh-white,1,0,3,-1.5
363,Good,nh-white,0,1,3,-1.25
364,Good,nh-white,1,0,4,-.25
364,Very Good,nh-white,0,1,3,-.5
368,Good,nh-white,1,0,3,-.25
368,Good,nh-white,0,1,3,-.75
369,Good,nh-white,1,0,4,-1.25
369,Very Good,nh-white,0,1,3,-.75
370,Very Good,nh-white,1,0,2,.5
370,Fair,nh-white,0,1,4,-.75
374,Good,nh-white,1,0,3,-1.75
374,Good,nh-white,0,1,3,-.25
375,Excellent,nh-white,1,0,3,-.75
375,Good,nh-white,0,1,5,-.75
377,Very Good,nh-white,0,1,2,-1
377,Fair,nh-white,1,0,4,.25
378,Good,nh-white,1,1,2,-1.75
378,Fair,nh-mixed,1,1,3,-1.5
381,Very Good,nh-white,1,1,5,-1
381,Excellent,nh-asian,1,1,4,-2
382,Good,nh-white,1,0,4,-.25
382,Very Good,nh-white,0,1,3,-1.5
385,Good,nh-white,0,0,3,.75
385,Good,nh-white,0,0,3,-.5
386,Very Good,nh-white,1,1,5,-1.75
386,Excellent,nh-white,1,1,4,-1.75
387,Good,nh-other,1,0,4,0
387,Very Good,hispanic,0,1,3,-.25
390,Good,nh-white,1,1,5,-1.75
390,Excellent,nh-black,1,1,3,0
394,Good,nh-white,1,0,3,-.5
394,Good,nh-white,0,1,3,-.25
395,Very Good,nh-white,0,0,4,-1.5
395,Very Good,nh-white,0,0,4,-.75
397,Good,nh-white,0,1,4,0
397,Very Good,nh-white,1,0,3,-.75
398,Good,nh-white,1,1,3,-2
398,Good,nh-white,1,1,3,-2
399,Excellent,nh-white,0,1,3,-.75
399,Good,nh-white,1,0,5,-1.25
404,Very Good,nh-white,0,0,3,-1.75
404,Good,nh-white,0,0,4,-1.25
406,Good,nh-white,0,0,3,-.75
406,Good,nh-white,0,0,3,-1.5
407,Very Good,nh-white,1,1,4,-1.75
407,Very Good,nh-white,1,1,4,-2
409,Excellent,nh-white,1,1,5,-2
409,Excellent,nh-white,1,1,5,-1.5
410,Good,nh-white,1,1,3,-1.5
410,Good,nh-black,1,1,3,-.75
412,Excellent,nh-white,0,0,3,-1.5
412,Good,nh-white,0,0,5,-1
413,Good,nh-white,1,1,5,-1
413,Excellent,nh-white,1,1,3,-1.75
416,Good,nh-white,1,1,3,-1.75
416,Good,nh-white,1,1,3,-1
417,Fair,nh-white,1,1,4,-1.5
417,Very Good,nh-white,1,1,2,0
418,Excellent,nh-white,1,0,2,-1.5
418,Fair,nh-white,0,1,5,-.25
419,Fair,nh-white,1,0,4,.75
419,Very Good,nh-white,0,1,2,-.25
420,Very Good,nh-white,1,1,5,-1
420,Excellent,nh-white,1,1,4,-2
421,Excellent,nh-white,0,0,5,-.5
421,Excellent,nh-white,0,0,5,.25
423,Very Good,nh-mixed,1,1,4,-.5
423,Very Good,nh-white,1,1,4,-1.25
424,Very Good,nh-white,1,1,2,-1.25
424,Fair,nh-white,1,1,4,.25
425,Excellent,nh-white,1,1,3,-1.75
425,Good,nh-white,1,1,5,-.75
426,Good,nh-white,0,0,4,.25
426,Very Good,nh-white,0,0,3,.5
428,Very Good,nh-white,1,1,1,-.75
428,Poor,nh-white,1,1,4,-1
429,Poor,nh-white,1,1,4,-1.5
429,Very Good,nh-white,1,1,1,-2
430,Very Good,nh-white,1,1,4,-2
430,Very Good,nh-white,1,1,4,-2
431,Good,hispanic,0,0,4,-1.75
431,Very Good,nh-white,0,0,3,-.5
432,Very Good,nh-white,0,0,3,-1.5
432,Good,nh-white,0,0,4,-1.75
434,Fair,nh-white,0,0,5,-1
434,Excellent,hispanic,0,0,2,-1
435,Excellent,nh-white,0,0,4,.25
435,Very Good,nh-white,0,0,5,-1.75
436,Good,nh-white,1,1,5,-1.75
436,Excellent,nh-white,1,1,3,-1.75
438,Good,nh-white,1,1,3,-1
438,Good,nh-white,1,1,3,-.25
439,Excellent,nh-black,0,0,3,-1.5
439,Good,nh-white,0,0,5,-1.5
440,Fair,nh-white,1,0,4,-1
440,Very Good,nh-white,0,1,2,0
443,Good,nh-white,0,0,3,-1.5
443,Good,nh-white,0,0,3,-1.5
444,Good,nh-white,1,0,3,-1.75
444,Good,nh-white,0,1,3,-2
445,Poor,hispanic,1,0,4,-1.75
445,Very Good,hispanic,0,1,1,-1.75
446,Excellent,nh-white,1,1,5,-1.75
446,Excellent,nh-white,1,1,5,-1.75
448,Fair,nh-white,1,0,4,-.25
448,Very Good,nh-white,0,1,2,-.5
449,Very Good,nh-white,0,0,4,-.75
449,Very Good,nh-white,0,0,4,-.75
450,Very Good,nh-white,0,0,2,-.75
450,Fair,nh-white,0,0,4,-2
451,Very Good,nh-white,1,1,4,-.25
451,Very Good,nh-white,1,1,4,-1.25
452,Good,nh-white,0,1,3,-1.75
452,Good,nh-white,1,0,3,-1.25
454,Excellent,nh-white,1,0,3,-1.5
454,Good,nh-white,0,1,5,-1.25
455,Very Good,nh-asian,1,1,2,-1.25
455,Fair,nh-asian,1,1,4,-.75
457,Good,nh-white,0,0,3,-1.5
457,Good,nh-white,0,0,3,-.75
459,Very Good,nh-white,1,1,2,-.75
459,Fair,nh-white,1,1,4,-1.75
460,Good,nh-white,1,1,3,-1.75
460,Good,nh-white,1,1,3,-.75
461,Good,nh-white,1,1,4,-1.5
461,Very Good,nh-white,1,1,3,-1.5
462,Very Good,nh-white,0,0,4,-1
462,Very Good,nh-white,0,0,4,-.5
463,Excellent,nh-white,0,0,5,-1.75
463,Excellent,nh-white,0,0,5,-1.75
464,Very Good,nh-white,1,1,4,-1
464,Very Good,nh-white,1,1,4,-2
465,Good,nh-white,0,0,4,-.5
465,Very Good,nh-asian,0,0,3,-.75
466,Excellent,nh-white,0,0,4,-1.5
466,Very Good,nh-white,0,0,5,-1.5
468,Very Good,nh-white,0,0,3,-.25
468,Good,nh-white,0,0,4,-.25
469,Very Good,nh-white,1,0,5,-1.5
469,Excellent,nh-white,0,1,4,-1.5
470,Very Good,nh-white,1,1,4,-1.75
470,Very Good,nh-white,1,1,4,-1.5
471,Good,nh-white,0,0,3,-1.75
471,Good,nh-white,0,0,3,-1.5
472,Good,nh-white,1,1,1,-.75
472,Poor,nh-white,1,1,3,-.25
474,Very Good,nh-white,1,0,4,-.75
474,Very Good,hispanic,0,1,4,-1.5
475,Good,nh-white,1,1,4,-2
475,Very Good,nh-white,1,1,3,-2
476,Poor,nh-white,1,0,3,-1.25
476,Good,nh-white,0,1,1,-.75
478,Very Good,nh-white,1,0,4,-1.5
478,Very Good,nh-white,0,1,4,-1.75
479,Very Good,nh-white,1,0,3,-2
479,Good,nh-white,0,1,4,-1
480,Good,nh-white,1,1,4,-1.25
480,Very Good,nh-white,1,1,3,-1.25
481,Very Good,nh-white,1,1,4,-1
481,Very Good,nh-white,1,1,4,-1.5
482,Excellent,nh-mixed,0,0,4,-1.5
482,Very Good,nh-white,0,0,5,-.75
483,Good,nh-black,1,0,5,-1.75
483,Excellent,nh-black,0,1,3,-1.75
484,Excellent,nh-white,1,1,3,-.75
484,Good,hispanic,1,1,5,-.25
485,Good,nh-white,0,0,3,-1.75
485,Good,nh-white,0,0,3,0
486,Good,nh-white,0,0,3,-1
486,Good,nh-white,0,0,3,-1.25
488,Very Good,nh-white,0,0,3,-.75
488,Good,nh-white,0,0,4,-1.5
489,Fair,hispanic,1,0,4,0
489,Very Good,hispanic,0,1,2,-.25
490,Poor,nh-white,1,1,2,-1
490,Fair,nh-white,1,1,1,-2
494,Very Good,nh-white,1,0,5,-2
494,Excellent,hispanic,0,1,4,-1
495,Poor,nh-white,1,0,4,-.5
495,Very Good,nh-white,0,1,1,-.75
496,Good,nh-white,1,0,2,-.75
496,Fair,nh-white,0,1,3,-.75
499,Fair,nh-white,1,0,4,-1.25
499,Very Good,nh-white,0,1,2,-1.5
500,Good,nh-white,1,0,4,-1.25
500,Very Good,nh-white,0,1,3,-1.25
501,Good,nh-white,1,1,4,-1.5
501,Very Good,nh-native american,1,1,3,-1.25
503,Good,nh-white,1,1,3,-1.75
503,Good,nh-white,1,1,3,-2
505,Excellent,nh-white,1,1,3,-1.5
505,Good,nh-white,1,1,5,-1.75
506,Very Good,nh-white,1,1,4,-.75
506,Very Good,nh-white,1,1,4,-.25
507,Good,hispanic,1,1,4,-.25
507,Very Good,nh-black,1,1,3,-.25
508,Good,nh-white,1,1,3,-1.25
508,Good,nh-white,1,1,3,0
510,Good,nh-white,1,0,2,-1.25
510,Fair,nh-white,0,1,3,-1
511,Very Good,nh-white,1,0,4,-1.75
511,Very Good,nh-asian,0,1,4,-2
512,Good,nh-white,1,1,2,-.5
512,Fair,nh-white,1,1,3,-.5
513,Poor,nh-white,1,0,4,-.5
513,Very Good,nh-white,0,1,1,-.75
516,Good,nh-white,1,1,4,-2
516,Very Good,nh-white,1,1,3,-1.75
517,Poor,nh-white,1,0,3,.25
517,Good,nh-white,0,1,1,1.5
518,Good,nh-white,1,1,3,-1.5
518,Good,nh-white,1,1,3,.75
519,Very Good,nh-white,1,1,3,-1.5
519,Good,nh-white,1,1,4,-1.5
520,Fair,nh-white,1,1,3,-1.5
520,Good,nh-white,1,1,2,-1.25
522,Excellent,nh-white,1,1,3,-2
522,Good,nh-white,1,1,5,-2
523,Very Good,nh-white,1,1,3,-1.5
523,Good,nh-white,1,1,4,-1.25
525,Excellent,nh-white,1,1,4,-2
525,Very Good,nh-mixed,1,1,5,-.5
527,Good,nh-white,1,0,4,-1.25
527,Very Good,nh-white,0,1,3,-1
528,Very Good,nh-white,1,0,3,-1.5
528,Good,nh-white,0,1,4,-1.25
530,Very Good,nh-white,1,0,5,-1.5
530,Excellent,nh-white,0,1,4,-1
532,Very Good,nh-white,1,0,5,-1.75
532,Excellent,nh-white,0,1,4,-1.25
534,Good,nh-white,1,0,2,-1.75
534,Fair,nh-white,0,1,3,-1.5
535,Fair,nh-white,1,1,2,-1
535,Fair,nh-white,1,1,2,-1.75
536,Good,nh-white,0,0,3,-1.25
536,Good,nh-white,0,0,3,-1.75
537,Very Good,nh-white,1,1,4,-2
537,Very Good,nh-white,1,1,4,-2
538,Excellent,nh-white,1,1,4,-2
538,Very Good,nh-white,1,1,5,-2
540,Excellent,nh-white,0,0,4,-1.5
540,Very Good,nh-white,0,0,5,-2
541,Very Good,nh-white,1,1,4,-1.75
541,Very Good,nh-white,1,1,4,-2
542,Very Good,nh-white,1,1,3,-2
542,Good,nh-white,1,1,4,-2
544,Excellent,nh-asian,1,1,5,-.75
544,Excellent,nh-white,1,1,5,-1.75
546,Very Good,nh-white,0,0,5,-2
546,Excellent,nh-white,0,0,4,-1.5
548,Very Good,nh-white,1,1,3,-1
548,Good,nh-white,1,1,4,-2
549,Very Good,nh-white,1,1,2,-1.25
549,Fair,nh-white,1,1,4,-.25
550,Very Good,nh-white,0,0,3,-1.75
550,Good,nh-white,0,0,4,-1.25
551,Excellent,nh-asian,1,1,3,-1.5
551,Good,nh-mixed,1,1,5,-1.75
552,Excellent,nh-white,1,1,4,-1.25
552,Very Good,nh-white,1,1,5,-1.5
553,Good,nh-white,1,1,3,-2
553,Good,nh-white,1,1,3,-2
554,Poor,nh-white,1,0,3,-1.5
554,Good,nh-white,0,1,1,-.5
555,Very Good,nh-white,0,1,3,-1.75
555,Good,nh-mixed,1,0,4,-2
556,Very Good,nh-white,1,0,3,-.75
556,Good,nh-white,0,1,4,-.5
557,Good,nh-white,1,0,5,-1.5
557,Excellent,nh-white,0,1,3,-2
559,Excellent,nh-mixed,0,1,4,-2
559,Very Good,nh-white,1,0,5,-1.25
561,Very Good,nh-white,0,0,5,-2
561,Excellent,nh-white,0,0,4,-1.5
562,Good,nh-asian,0,0,4,-1
562,Very Good,nh-white,0,0,3,-.25
564,Excellent,nh-white,0,0,4,-1
564,Very Good,nh-white,0,0,5,-1
566,Excellent,nh-white,1,0,3,-1.75
566,Good,nh-white,0,1,5,-.75
567,Very Good,hispanic,0,0,3,-1.5
567,Good,nh-white,0,0,4,-.75
568,Excellent,nh-white,0,0,4,-1.25
568,Very Good,nh-white,0,0,5,-1.25
569,Good,nh-white,0,0,4,-1
569,Very Good,nh-white,0,0,3,-.75
570,Poor,nh-other,1,1,2,-.75
570,Fair,nh-white,1,1,1,0
572,Good,nh-white,0,1,4,-1
572,Very Good,nh-white,1,0,3,-1.25
573,Very Good,nh-white,1,1,3,-2
573,Good,nh-white,1,1,4,-.75
574,Good,nh-mixed,1,0,3,-2
574,Good,nh-white,0,1,3,-1.75
575,Very Good,nh-white,1,1,3,-1.5
575,Good,nh-white,1,1,4,0
576,Good,nh-other,1,1,4,.5
576,Very Good,nh-black,1,1,3,.25
577,Very Good,nh-white,0,0,3,0
577,Good,hispanic,0,0,4,-1
579,Very Good,nh-white,1,1,2,-1.75
579,Fair,nh-white,1,1,4,-.75
581,Fair,nh-white,1,0,1,.25
581,Poor,nh-white,0,1,2,-.5
582,Very Good,nh-black,1,1,3,-1.5
582,Good,nh-black,1,1,4,-.5
584,Good,nh-black,0,1,3,-1.5
584,Good,nh-other,1,0,3,-1
585,Good,nh-white,1,0,2,2
585,Fair,nh-white,0,1,3,.25
586,Good,nh-white,0,1,3,-1.25
586,Good,nh-white,1,0,3,-2
587,Very Good,nh-white,0,0,4,-1.75
587,Very Good,nh-white,0,0,4,-1.75
588,Fair,nh-white,1,0,3,-1.75
588,Good,nh-white,0,1,2,-1.75
589,Poor,nh-white,1,1,4,-.75
589,Very Good,nh-white,1,1,1,-1.25
590,Good,hispanic,1,1,3,-2
590,Good,nh-white,1,1,3,-2
593,Very Good,nh-white,1,1,5,-.5
593,Excellent,nh-white,1,1,4,-.75
594,Fair,nh-white,0,1,5,-1.25
594,Excellent,nh-asian,1,0,2,-1.75
597,Very Good,nh-white,1,1,3,-1
597,Good,nh-white,1,1,4,.25
598,Very Good,nh-asian,1,0,4,-1
598,Very Good,nh-white,0,1,4,-1.5
600,Good,nh-white,1,0,2,-1.5
600,Fair,nh-white,0,1,3,-1.75
601,Very Good,nh-white,1,1,3,-1.25
601,Good,nh-white,1,1,4,-2
602,Very Good,nh-white,1,1,4,-2
602,Very Good,nh-white,1,1,4,-1.5
603,Very Good,nh-white,1,1,2,-1.5
603,Fair,nh-white,1,1,4,-1.25
604,Excellent,nh-white,0,1,4,-1.5
604,Very Good,nh-white,1,0,5,-1.5
605,Good,nh-white,1,1,5,-2
605,Excellent,nh-white,1,1,3,-2
606,Excellent,nh-white,1,1,4,-1.25
606,Very Good,nh-black,1,1,5,0
609,Very Good,nh-white,0,0,4,-2
609,Very Good,nh-white,0,0,4,-2
611,Good,nh-white,0,1,4,.75
611,Very Good,nh-white,1,0,3,.75
612,Excellent,hispanic,0,1,4,-1.5
612,Very Good,nh-white,1,0,5,-1.25
614,Good,nh-white,1,1,3,-.75
614,Good,nh-white,1,1,3,-1.75
615,Good,nh-white,1,1,3,-1.5
615,Good,nh-white,1,1,3,.25
616,Very Good,nh-white,1,1,3,-1.75
616,Good,nh-white,1,1,4,-2
618,Very Good,nh-white,1,0,3,-1
618,Good,nh-white,0,1,4,-1.25
621,Very Good,nh-white,1,1,4,-1.5
621,Very Good,nh-mixed,1,1,4,-1.5
622,Good,hispanic,1,1,4,-1.75
622,Very Good,nh-white,1,1,3,-.75
623,Good,nh-white,0,0,5,-.75
623,Excellent,nh-white,0,0,3,-1.75
624,Good,nh-white,1,1,3,-.25
624,Good,nh-black,1,1,3,0
625,Good,nh-white,0,0,4,-1.25
625,Very Good,nh-white,0,0,3,-1
626,Very Good,nh-white,1,1,2,-1.75
626,Fair,nh-white,1,1,4,-1
627,Good,nh-white,1,1,2,-1.5
627,Fair,nh-white,1,1,3,-1.5
628,Good,nh-white,0,0,5,-1.5
628,Excellent,nh-white,0,0,3,-1
629,Good,nh-white,0,0,4,-2
629,Very Good,nh-white,0,0,3,-2
630,Excellent,nh-white,1,1,5,-.5
630,Excellent,nh-white,1,1,5,.25
631,Fair,nh-white,0,0,4,-1.5
631,Very Good,nh-white,0,0,2,.25
633,Good,nh-white,1,1,3,-1.75
633,Good,nh-white,1,1,3,-1.5
636,Excellent,nh-white,1,1,4,-2
636,Very Good,nh-white,1,1,5,-1.75
637,Good,nh-white,1,1,4,-1
637,Very Good,nh-white,1,1,3,-1.5
638,Very Good,nh-white,0,0,4,-2
638,Very Good,nh-mixed,0,0,4,-2
639,Very Good,nh-white,1,1,5,-1.5
639,Excellent,nh-white,1,1,4,-1.75
641,Very Good,nh-white,0,0,5,-1.75
641,Excellent,nh-white,0,0,4,-1.75
642,Fair,nh-white,1,1,4,-.75
642,Very Good,nh-white,1,1,2,-1
643,Good,nh-white,0,0,4,-.25
643,Very Good,nh-white,0,0,3,-1.25
644,Excellent,nh-white,1,1,4,-1.5
644,Very Good,nh-white,1,1,5,-1.75
645,Good,nh-black,0,0,3,-1
645,Good,nh-white,0,0,3,-.5
646,Fair,nh-white,1,0,2,0
646,Fair,nh-white,0,1,2,0
647,Very Good,nh-white,0,0,4,-1.25
647,Very Good,nh-white,0,0,4,-1.5
648,Poor,hispanic,1,1,5,-1.25
648,Excellent,nh-black,1,1,1,-1.75
649,Very Good,nh-white,0,1,4,0
649,Very Good,nh-white,1,0,4,-.75
651,Fair,nh-white,1,1,2,-.75
651,Fair,nh-white,1,1,2,-.75
652,Excellent,nh-white,1,1,4,-2
652,Very Good,nh-white,1,1,5,-1.5
653,Fair,nh-white,1,0,3,.5
653,Good,nh-white,0,1,2,-1.25
654,Very Good,nh-white,1,1,4,-1.5
654,Very Good,nh-white,1,1,4,-.25
656,Good,nh-white,1,1,4,-1.25
656,Very Good,nh-white,1,1,3,-.75
657,Good,nh-white,1,1,4,0
657,Very Good,nh-white,1,1,3,-.5
658,Very Good,nh-black,1,1,3,1
658,Good,nh-white,1,1,4,.25
660,Good,nh-white,1,1,3,-2
660,Good,nh-white,1,1,3,-2
661,Fair,nh-white,1,0,4,-2
661,Very Good,nh-white,0,1,2,-1.5
662,Excellent,nh-white,0,0,4,-2
662,Very Good,nh-white,0,0,5,-1.75
663,Fair,nh-white,1,1,3,.25
663,Good,nh-white,1,1,2,-.5
664,Good,nh-white,1,0,3,-.5
664,Good,nh-white,0,1,3,.25
666,Excellent,nh-white,1,1,4,-1.5
666,Very Good,nh-white,1,1,5,-1.5
667,Good,nh-white,1,0,4,-.5
667,Very Good,nh-white,0,1,3,.25
670,Very Good,nh-white,1,1,4,-.75
670,Very Good,nh-white,1,1,4,-1.5
672,Very Good,nh-white,1,0,5,-.75
672,Excellent,nh-white,0,1,4,-1.25
673,Very Good,nh-black,1,0,4,-1
673,Very Good,nh-black,0,1,4,-2
674,Excellent,nh-white,0,0,4,-.75
674,Very Good,nh-white,0,0,5,-1.75
676,Good,nh-other,0,0,3,-1.5
676,Good,nh-white,0,0,3,-.25
677,Excellent,nh-white,0,0,4,-.75
677,Very Good,nh-white,0,0,5,-1.75
678,Good,nh-white,1,1,3,-1
678,Good,nh-white,1,1,3,-1.25
679,Very Good,nh-white,1,1,3,-1.25
679,Good,nh-white,1,1,4,-1.25
680,Good,nh-white,1,1,4,-1.75
680,Very Good,nh-white,1,1,3,-1.75
681,Fair,nh-white,1,0,3,-1.5
681,Good,nh-white,0,1,2,-1.25
684,Fair,nh-white,1,0,2,-1.5
684,Fair,nh-white,0,1,2,-.75
687,Very Good,nh-white,1,1,3,-1
687,Good,nh-white,1,1,4,-.75
688,Very Good,hispanic,1,0,4,-1.75
688,Very Good,nh-black,0,1,4,-1.75
690,Excellent,nh-white,0,0,4,-1.75
690,Very Good,nh-white,0,0,5,-2
692,Very Good,nh-white,1,1,3,-.5
692,Good,nh-white,1,1,4,0
693,Very Good,nh-white,0,0,4,-1.75
693,Very Good,nh-white,0,0,4,-1.75
694,Fair,nh-other,1,0,3,-.5
694,Good,nh-black,0,1,2,-.25
696,Fair,nh-white,1,1,3,-1
696,Good,nh-other,1,1,2,.75
697,Very Good,nh-white,1,1,5,0
697,Excellent,nh-white,1,1,4,-.5
698,Very Good,nh-white,0,0,5,-1.75
698,Excellent,nh-white,0,0,4,-.75
700,Very Good,nh-white,1,1,4,-.75
700,Very Good,nh-white,1,1,4,-.5
701,Good,nh-black,1,0,4,-1.5
701,Very Good,nh-black,0,1,3,-1.25
702,Very Good,nh-white,0,0,5,-1.25
702,Excellent,nh-white,0,0,4,-1
703,Excellent,nh-white,0,0,5,-.5
703,Excellent,nh-white,0,0,5,-1
704,Very Good,nh-white,1,1,2,-2
704,Fair,nh-black,1,1,4,0
707,Excellent,nh-white,1,1,4,-.75
707,Very Good,nh-white,1,1,5,-1.75
708,Very Good,nh-white,1,1,5,-1.75
708,Excellent,nh-white,1,1,4,-.5
709,Good,nh-white,1,1,2,-1.75
709,Fair,nh-white,1,1,3,-.75
710,Good,hispanic,0,1,2,-.5
710,Fair,hispanic,1,0,3,0
712,Good,nh-white,1,1,2,-1.75
712,Fair,nh-white,1,1,3,-.5
713,Excellent,nh-white,1,1,3,-1.75
713,Good,nh-white,1,1,5,-1.75
714,Very Good,nh-white,1,1,4,-1.5
714,Very Good,nh-white,1,1,4,-2
717,Good,nh-white,0,0,4,-1.75
717,Very Good,nh-white,0,0,3,-1.5
719,Good,nh-white,0,1,3,-.25
719,Good,nh-white,1,0,3,-.75
720,Very Good,nh-white,0,0,3,-1
720,Good,nh-white,0,0,4,-1.5
722,Excellent,nh-white,1,1,3,-1
722,Good,nh-white,1,1,5,-1
724,Fair,nh-white,1,0,2,-.5
724,Fair,nh-white,0,1,2,.5
725,Very Good,nh-white,1,0,1,.25
725,Poor,hispanic,0,1,4,0
726,Very Good,nh-white,1,1,4,-1.5
726,Very Good,nh-white,1,1,4,0
727,Very Good,nh-white,1,1,4,-1.75
727,Very Good,nh-white,1,1,4,-1
728,Very Good,nh-white,1,1,4,-1.5
728,Very Good,nh-white,1,1,4,-1.25
730,Good,nh-white,1,0,3,-.5
730,Good,nh-white,0,1,3,-1.5
732,Very Good,nh-white,1,0,3,-1.25
732,Good,nh-white,0,1,4,-1
733,Very Good,nh-white,0,0,5,-2
733,Excellent,nh-white,0,0,4,-.5
734,Very Good,nh-black,1,0,4,-.75
734,Very Good,nh-white,0,1,4,.5
735,Very Good,nh-white,1,1,4,-1.5
735,Very Good,nh-white,1,1,4,-1.75
736,Very Good,nh-white,1,0,5,-1
736,Excellent,nh-white,0,1,4,0
738,Good,nh-white,1,0,2,-.75
738,Fair,nh-white,0,1,3,-2
740,Fair,nh-other,1,0,3,-1.75
740,Good,nh-white,0,1,2,-.25
742,Good,nh-white,1,0,4,-1.25
742,Very Good,nh-white,0,1,3,-1.25
744,Very Good,nh-white,1,0,3,-2
744,Good,nh-white,0,1,4,-1.75
745,Very Good,nh-white,1,1,4,-2
745,Very Good,nh-white,1,1,4,0
746,Fair,nh-white,1,0,1,-1.75
746,Poor,nh-white,0,1,2,-1.75
747,Very Good,nh-white,1,1,4,-2
747,Very Good,nh-white,1,1,4,-1.75
748,Good,nh-white,1,0,3,-1.5
748,Good,nh-white,0,1,3,-1
749,Good,nh-white,1,0,3,-2
749,Good,nh-black,0,1,3,-1.25
750,Very Good,nh-white,1,1,3,-2
750,Good,nh-white,1,1,4,-.75
751,Good,hispanic,1,0,4,-1.75
751,Very Good,nh-white,0,1,3,0
752,Good,nh-white,1,0,3,-1.5
752,Good,nh-white,0,1,3,-.25
753,Excellent,nh-white,0,0,4,-1
753,Very Good,nh-white,0,0,5,-1.75
754,Very Good,nh-black,1,0,5,-2
754,Excellent,nh-white,0,1,4,-1.25
755,Good,nh-white,0,1,5,-.75
755,Excellent,nh-white,1,0,3,-2
756,Very Good,nh-white,1,0,3,-.5
756,Good,nh-white,0,1,4,0
760,Good,nh-white,1,0,3,-.75
760,Good,nh-white,0,1,3,-1
765,Excellent,nh-white,1,0,3,-.75
765,Good,nh-white,0,1,5,-1
766,Very Good,nh-white,0,0,3,-1
766,Good,nh-white,0,0,4,-1.5
767,Very Good,hispanic,1,0,4,0
767,Very Good,nh-white,0,1,4,-1.5
768,Very Good,nh-white,1,1,1,-1.75
768,Poor,nh-white,1,1,4,-1.75
769,Very Good,nh-white,0,0,5,.5
769,Excellent,hispanic,0,0,4,-1
770,Very Good,nh-black,0,1,4,-1.5
770,Very Good,nh-white,1,0,4,-1.25
771,Very Good,nh-mixed,0,0,3,-2
771,Good,nh-white,0,0,4,-1.5
772,Excellent,nh-white,0,0,5,-1.75
772,Excellent,nh-white,0,0,5,-1.75
773,Good,nh-asian,0,1,1,-.5
773,Poor,nh-asian,1,0,3,0
774,Very Good,nh-white,1,0,3,-1
774,Good,nh-asian,0,1,4,-.75
776,Good,nh-white,1,1,2,-1.25
776,Fair,nh-white,1,1,3,-1.5
777,Very Good,nh-asian,1,0,2,-1.5
777,Fair,nh-white,0,1,4,-1
